"(230, 190, 171, 255)","(227, 121, 166, 255)"
"(229, 199, 179, 255)","(214, 151, 147, 255)"
"(216, 168, 158, 255)","(202, 109, 127, 255)"
"(223, 200, 203, 255)","(203, 163, 181, 255)"
"(234, 192, 178, 255)","(231, 157, 150, 255)"
"(216, 190, 179, 255)","(206, 135, 164, 255)"
"(212, 141, 107, 255)","(185, 96, 87, 255)"
"(209, 174, 166, 255)","(174, 87, 91, 255)"
"(237, 209, 212, 255)","(223, 156, 168, 255)"
"(246, 208, 215, 255)","(244, 209, 210, 255)"
"(241, 199, 186, 255)","(247, 147, 162, 255)"
"(216, 176, 177, 255)","(217, 144, 167, 255)"
"(211, 132, 92, 255)","(172, 75, 67, 255)"
"(203, 172, 159, 255)","(207, 143, 159, 255)"
"(216, 181, 155, 255)","(218, 144, 139, 255)"
"(206, 168, 140, 255)","(218, 138, 163, 255)"
"(233, 212, 212, 255)","(221, 137, 155, 255)"
"(209, 180, 158, 255)","(207, 129, 151, 255)"
"(211, 168, 147, 255)","(188, 115, 111, 255)"
"(216, 183, 172, 255)","(207, 160, 167, 255)"
"(217, 174, 152, 255)","(194, 139, 127, 255)"
"(181, 132, 87, 255)","(174, 87, 65, 255)"
"(182, 145, 132, 255)","(167, 84, 88, 255)"
"(229, 195, 189, 255)","(226, 125, 160, 255)"
"(197, 167, 154, 255)","(194, 105, 112, 255)"
"(171, 129, 113, 255)","(150, 91, 94, 255)"
"(215, 186, 179, 255)","(202, 131, 160, 255)"
"(209, 179, 184, 255)","(185, 104, 124, 255)"
"(219, 161, 134, 255)","(213, 123, 119, 255)"
"(225, 190, 182, 255)","(203, 125, 130, 255)"
"(213, 172, 157, 255)","(194, 106, 126, 255)"
"(181, 139, 108, 255)","(168, 106, 101, 255)"
"(233, 193, 164, 255)","(225, 124, 121, 255)"
"(190, 158, 146, 255)","(221, 151, 185, 255)"
"(184, 134, 106, 255)","(187, 94, 86, 255)"
"(216, 167, 136, 255)","(199, 118, 98, 255)"
"(224, 201, 195, 255)","(220, 159, 176, 255)"
"(225, 179, 155, 255)","(230, 140, 163, 255)"
"(204, 159, 140, 255)","(199, 114, 111, 255)"
"(225, 190, 180, 255)","(214, 143, 148, 255)"
"(187, 136, 110, 255)","(189, 117, 108, 255)"
"(178, 159, 154, 255)","(180, 116, 149, 255)"
"(198, 171, 158, 255)","(188, 127, 132, 255)"
"(190, 158, 146, 255)","(221, 151, 185, 255)"
"(180, 147, 128, 255)","(152, 87, 89, 255)"
"(181, 148, 143, 255)","(172, 96, 124, 255)"
"(228, 209, 204, 255)","(220, 147, 166, 255)"
"(213, 181, 175, 255)","(209, 132, 148, 255)"
"(210, 182, 180, 255)","(208, 143, 181, 255)"
"(170, 144, 139, 255)","(170, 118, 120, 255)"
"(222, 193, 196, 255)","(221, 163, 185, 255)"
"(229, 186, 178, 255)","(231, 156, 173, 255)"
"(212, 189, 183, 255)","(203, 140, 156, 255)"
"(233, 197, 199, 255)","(218, 139, 154, 255)"
"(237, 184, 157, 255)","(235, 140, 126, 255)"
"(208, 148, 128, 255)","(182, 87, 85, 255)"
"(202, 178, 171, 255)","(196, 119, 124, 255)"
"(231, 207, 197, 255)","(220, 157, 156, 255)"
"(241, 211, 216, 255)","(236, 166, 183, 255)"
"(221, 173, 138, 255)","(217, 118, 125, 255)"
"(215, 176, 144, 255)","(201, 106, 101, 255)"
"(238, 210, 208, 255)","(234, 167, 196, 255)"
"(221, 138, 75, 255)","(185, 60, 27, 255)"
"(231, 190, 171, 255)","(215, 105, 152, 255)"
"(224, 167, 123, 255)","(188, 103, 85, 255)"
"(213, 179, 154, 255)","(201, 102, 110, 255)"
"(241, 212, 197, 255)","(234, 163, 156, 255)"
"(223, 157, 107, 255)","(225, 102, 57, 255)"
"(237, 204, 206, 255)","(235, 159, 173, 255)"
"(223, 196, 206, 255)","(216, 135, 166, 255)"
"(222, 173, 159, 255)","(218, 150, 152, 255)"
"(214, 186, 182, 255)","(205, 148, 166, 255)"
"(234, 212, 214, 255)","(230, 152, 177, 255)"
"(210, 171, 147, 255)","(206, 115, 129, 255)"
"(210, 187, 186, 255)","(212, 134, 154, 255)"
"(208, 179, 176, 255)","(203, 113, 126, 255)"
"(227, 192, 185, 255)","(210, 126, 154, 255)"
"(248, 207, 175, 255)","(244, 172, 148, 255)"
"(230, 201, 190, 255)","(223, 130, 142, 255)"
"(188, 135, 117, 255)","(179, 100, 99, 255)"
"(205, 183, 188, 255)","(193, 112, 132, 255)"
"(208, 158, 139, 255)","(209, 119, 127, 255)"
"(203, 177, 166, 255)","(199, 140, 167, 255)"
"(155, 105, 82, 255)","(143, 75, 69, 255)"
"(227, 186, 164, 255)","(222, 132, 138, 255)"
"(218, 175, 149, 255)","(189, 103, 96, 255)"
"(206, 163, 137, 255)","(188, 90, 96, 255)"
"(213, 180, 185, 255)","(188, 110, 129, 255)"
"(233, 211, 215, 255)","(227, 178, 214, 255)"
"(233, 201, 185, 255)","(204, 124, 117, 255)"
"(190, 160, 142, 255)","(192, 123, 129, 255)"
"(218, 178, 153, 255)","(213, 137, 136, 255)"
"(202, 167, 163, 255)","(182, 96, 110, 255)"
"(225, 199, 198, 255)","(218, 172, 187, 255)"
"(209, 178, 155, 255)","(215, 127, 154, 255)"
"(232, 196, 198, 255)","(215, 138, 149, 255)"
"(188, 150, 137, 255)","(175, 92, 86, 255)"
"(202, 166, 145, 255)","(188, 114, 122, 255)"
"(215, 179, 154, 255)","(207, 139, 126, 255)"
"(226, 196, 192, 255)","(225, 159, 188, 255)"
"(220, 171, 162, 255)","(208, 132, 139, 255)"
"(217, 195, 191, 255)","(208, 144, 155, 255)"
"(222, 197, 194, 255)","(207, 136, 157, 255)"
"(233, 201, 185, 255)","(204, 124, 117, 255)"
"(221, 164, 148, 255)","(201, 110, 113, 255)"
"(223, 193, 193, 255)","(215, 131, 156, 255)"
"(221, 186, 179, 255)","(231, 161, 186, 255)"
"(240, 201, 195, 255)","(237, 145, 192, 255)"
"(224, 176, 141, 255)","(218, 117, 99, 255)"
"(215, 179, 154, 255)","(207, 139, 126, 255)"
"(194, 138, 112, 255)","(179, 103, 91, 255)"
"(208, 179, 177, 255)","(202, 118, 135, 255)"
"(244, 164, 104, 255)","(221, 109, 66, 255)"
"(207, 179, 159, 255)","(200, 113, 133, 255)"
"(233, 200, 203, 255)","(224, 154, 185, 255)"
"(243, 200, 190, 255)","(249, 160, 177, 255)"
"(202, 173, 156, 255)","(199, 122, 151, 255)"
"(204, 159, 130, 255)","(204, 114, 109, 255)"
"(194, 171, 161, 255)","(180, 121, 130, 255)"
"(233, 211, 200, 255)","(219, 144, 178, 255)"
"(219, 161, 134, 255)","(213, 123, 119, 255)"
"(229, 181, 172, 255)","(217, 114, 109, 255)"
"(190, 161, 150, 255)","(178, 91, 100, 255)"
"(182, 147, 137, 255)","(167, 91, 93, 255)"
"(221, 186, 171, 255)","(201, 130, 133, 255)"
"(197, 166, 169, 255)","(189, 113, 127, 255)"
"(190, 129, 91, 255)","(173, 77, 76, 255)"
"(216, 167, 136, 255)","(199, 118, 98, 255)"
"(218, 192, 188, 255)","(216, 136, 154, 255)"
"(219, 162, 130, 255)","(219, 124, 117, 255)"
"(177, 139, 125, 255)","(189, 119, 134, 255)"
"(239, 202, 175, 255)","(228, 167, 153, 255)"
"(233, 200, 203, 255)","(224, 154, 185, 255)"
"(180, 144, 130, 255)","(196, 130, 153, 255)"
"(236, 201, 178, 255)","(220, 155, 146, 255)"
"(208, 151, 122, 255)","(208, 111, 109, 255)"
"(235, 195, 168, 255)","(225, 139, 120, 255)"
"(213, 162, 140, 255)","(207, 91, 105, 255)"
"(226, 182, 160, 255)","(236, 148, 169, 255)"
"(176, 117, 95, 255)","(178, 83, 83, 255)"
"(224, 196, 180, 255)","(215, 138, 153, 255)"
"(212, 182, 172, 255)","(204, 121, 130, 255)"
"(224, 183, 162, 255)","(231, 148, 166, 255)"
"(202, 156, 141, 255)","(180, 103, 106, 255)"
"(239, 214, 210, 255)","(230, 172, 191, 255)"
"(233, 213, 209, 255)","(225, 145, 173, 255)"
"(226, 204, 208, 255)","(220, 160, 199, 255)"
"(205, 177, 181, 255)","(192, 111, 133, 255)"
"(226, 185, 173, 255)","(211, 146, 147, 255)"
"(217, 165, 153, 255)","(202, 123, 130, 255)"
"(239, 202, 175, 255)","(228, 167, 153, 255)"
"(213, 179, 169, 255)","(201, 144, 165, 255)"
"(175, 147, 134, 255)","(150, 84, 88, 255)"
"(160, 119, 95, 255)","(155, 94, 88, 255)"
"(205, 178, 161, 255)","(226, 177, 165, 255)"
"(212, 169, 142, 255)","(198, 102, 111, 255)"
"(183, 146, 131, 255)","(168, 104, 111, 255)"
"(232, 194, 168, 255)","(212, 153, 147, 255)"
"(221, 189, 176, 255)","(199, 139, 140, 255)"
"(201, 175, 167, 255)","(194, 125, 131, 255)"
"(224, 179, 165, 255)","(215, 148, 152, 255)"
"(176, 137, 124, 255)","(182, 100, 94, 255)"
"(235, 200, 201, 255)","(214, 140, 155, 255)"
"(195, 176, 168, 255)","(184, 120, 144, 255)"
"(226, 192, 194, 255)","(219, 150, 163, 255)"
"(233, 184, 152, 255)","(239, 131, 113, 255)"
"(208, 168, 155, 255)","(189, 120, 125, 255)"
"(203, 169, 160, 255)","(194, 145, 152, 255)"
"(220, 170, 155, 255)","(215, 105, 106, 255)"
"(163, 112, 95, 255)","(154, 76, 76, 255)"
"(179, 141, 135, 255)","(178, 121, 143, 255)"
"(221, 170, 151, 255)","(210, 131, 134, 255)"
"(235, 203, 193, 255)","(230, 168, 164, 255)"
"(224, 190, 179, 255)","(217, 135, 147, 255)"
"(223, 181, 174, 255)","(220, 143, 157, 255)"
"(223, 190, 180, 255)","(217, 151, 151, 255)"
"(225, 187, 167, 255)","(226, 146, 176, 255)"
"(193, 148, 123, 255)","(201, 116, 132, 255)"
"(229, 182, 166, 255)","(208, 128, 128, 255)"
"(181, 156, 129, 255)","(203, 132, 150, 255)"
"(224, 190, 192, 255)","(211, 143, 157, 255)"
"(213, 154, 128, 255)","(200, 116, 105, 255)"
"(235, 213, 205, 255)","(235, 145, 179, 255)"
"(215, 180, 166, 255)","(210, 127, 122, 255)"
"(224, 169, 134, 255)","(223, 117, 100, 255)"
"(220, 171, 162, 255)","(208, 132, 139, 255)"
"(175, 149, 153, 255)","(144, 97, 125, 255)"
"(227, 150, 108, 255)","(183, 90, 74, 255)"
"(196, 170, 160, 255)","(176, 121, 126, 255)"
"(188, 161, 152, 255)","(172, 124, 131, 255)"
"(219, 187, 179, 255)","(204, 121, 151, 255)"
"(233, 201, 190, 255)","(220, 132, 156, 255)"
"(152, 109, 95, 255)","(138, 78, 79, 255)"
"(224, 167, 123, 255)","(188, 103, 85, 255)"
"(219, 192, 196, 255)","(200, 126, 146, 255)"
"(225, 203, 202, 255)","(219, 136, 158, 255)"
"(224, 203, 203, 255)","(229, 157, 182, 255)"
"(192, 156, 138, 255)","(177, 116, 118, 255)"
"(229, 191, 174, 255)","(238, 146, 168, 255)"
"(203, 158, 143, 255)","(201, 120, 125, 255)"
"(203, 158, 143, 255)","(201, 120, 125, 255)"
"(248, 207, 175, 255)","(244, 172, 148, 255)"
"(215, 177, 159, 255)","(202, 128, 119, 255)"
"(227, 192, 159, 255)","(222, 150, 157, 255)"
"(202, 148, 89, 255)","(177, 81, 53, 255)"
"(198, 158, 141, 255)","(198, 126, 123, 255)"
"(232, 197, 178, 255)","(227, 131, 138, 255)"
"(226, 203, 201, 255)","(224, 146, 169, 255)"
"(165, 115, 97, 255)","(173, 92, 110, 255)"
"(210, 161, 145, 255)","(193, 106, 124, 255)"
"(185, 151, 135, 255)","(180, 89, 96, 255)"
"(214, 182, 177, 255)","(210, 127, 146, 255)"
"(237, 210, 199, 255)","(224, 135, 151, 255)"
"(216, 167, 140, 255)","(201, 104, 115, 255)"
"(227, 192, 159, 255)","(222, 150, 157, 255)"
"(244, 226, 218, 255)","(237, 191, 214, 255)"
"(213, 162, 140, 255)","(207, 91, 105, 255)"
"(192, 165, 155, 255)","(176, 128, 134, 255)"
"(182, 155, 150, 255)","(170, 110, 113, 255)"
"(200, 155, 154, 255)","(209, 137, 159, 255)"
"(242, 168, 117, 255)","(217, 115, 93, 255)"
"(230, 200, 192, 255)","(227, 160, 176, 255)"
"(132, 97, 93, 255)","(123, 64, 70, 255)"
"(163, 129, 121, 255)","(170, 91, 94, 255)"
"(230, 195, 195, 255)","(218, 138, 150, 255)"
"(210, 184, 166, 255)","(199, 121, 117, 255)"
"(203, 175, 157, 255)","(182, 131, 131, 255)"
"(224, 183, 165, 255)","(223, 143, 163, 255)"
"(178, 145, 125, 255)","(154, 110, 105, 255)"
"(214, 189, 184, 255)","(192, 140, 146, 255)"
"(241, 204, 189, 255)","(226, 142, 139, 255)"
"(221, 182, 174, 255)","(218, 146, 160, 255)"
"(241, 213, 201, 255)","(239, 175, 184, 255)"
"(231, 190, 145, 255)","(234, 135, 117, 255)"
"(191, 166, 154, 255)","(184, 125, 134, 255)"
"(213, 185, 179, 255)","(197, 111, 125, 255)"
"(211, 168, 147, 255)","(188, 115, 111, 255)"
"(206, 194, 187, 255)","(200, 112, 135, 255)"
"(228, 197, 177, 255)","(224, 148, 156, 255)"
"(186, 129, 103, 255)","(180, 88, 82, 255)"
"(235, 213, 205, 255)","(235, 145, 179, 255)"
"(235, 203, 193, 255)","(230, 168, 164, 255)"
"(222, 200, 198, 255)","(223, 143, 139, 255)"
"(215, 177, 159, 255)","(202, 128, 119, 255)"
"(226, 203, 204, 255)","(208, 161, 172, 255)"
"(239, 173, 128, 255)","(228, 136, 109, 255)"
"(213, 175, 150, 255)","(191, 100, 103, 255)"
"(203, 172, 159, 255)","(207, 143, 159, 255)"
"(197, 192, 188, 255)","(180, 138, 158, 255)"
"(208, 161, 117, 255)","(188, 123, 105, 255)"
"(215, 175, 157, 255)","(202, 113, 126, 255)"
"(182, 158, 152, 255)","(189, 122, 147, 255)"
"(178, 142, 124, 255)","(194, 115, 98, 255)"
"(214, 186, 182, 255)","(205, 148, 166, 255)"
"(218, 195, 186, 255)","(165, 103, 110, 255)"
"(207, 172, 155, 255)","(188, 133, 129, 255)"
"(214, 182, 179, 255)","(210, 135, 149, 255)"
"(232, 202, 173, 255)","(224, 166, 148, 255)"
"(223, 191, 187, 255)","(219, 137, 158, 255)"
"(198, 171, 158, 255)","(188, 127, 132, 255)"
"(163, 112, 95, 255)","(154, 76, 76, 255)"
"(220, 173, 163, 255)","(213, 131, 147, 255)"
"(222, 198, 192, 255)","(213, 146, 165, 255)"
"(219, 192, 189, 255)","(204, 131, 148, 255)"
"(231, 207, 197, 255)","(220, 157, 156, 255)"
"(220, 173, 159, 255)","(207, 94, 98, 255)"
"(216, 197, 203, 255)","(219, 142, 173, 255)"
"(228, 166, 132, 255)","(223, 115, 130, 255)"
"(203, 163, 147, 255)","(190, 114, 127, 255)"
"(235, 204, 187, 255)","(231, 165, 152, 255)"
"(193, 147, 129, 255)","(201, 99, 79, 255)"
"(217, 186, 175, 255)","(214, 155, 159, 255)"
"(198, 179, 166, 255)","(178, 120, 133, 255)"
"(216, 190, 172, 255)","(212, 156, 171, 255)"
"(218, 182, 183, 255)","(211, 112, 133, 255)"
"(217, 196, 187, 255)","(217, 148, 169, 255)"
"(219, 190, 182, 255)","(181, 122, 125, 255)"
"(228, 195, 179, 255)","(225, 133, 143, 255)"
"(246, 206, 180, 255)","(236, 160, 150, 255)"
"(218, 194, 195, 255)","(196, 143, 157, 255)"
"(220, 178, 169, 255)","(200, 123, 128, 255)"
"(246, 201, 179, 255)","(236, 160, 148, 255)"
"(201, 173, 156, 255)","(186, 125, 137, 255)"
"(219, 192, 189, 255)","(204, 131, 148, 255)"
"(222, 183, 162, 255)","(192, 132, 125, 255)"
"(219, 198, 186, 255)","(230, 125, 136, 255)"
"(210, 171, 161, 255)","(203, 111, 143, 255)"
"(202, 174, 186, 255)","(192, 101, 142, 255)"
"(212, 170, 145, 255)","(188, 100, 101, 255)"
"(232, 198, 185, 255)","(228, 129, 136, 255)"
"(223, 190, 180, 255)","(217, 151, 151, 255)"
"(212, 199, 215, 255)","(221, 162, 213, 255)"
"(208, 179, 177, 255)","(202, 118, 135, 255)"
"(163, 134, 117, 255)","(175, 115, 112, 255)"
"(228, 198, 190, 255)","(212, 132, 145, 255)"
"(196, 152, 125, 255)","(191, 94, 112, 255)"
"(210, 206, 220, 255)","(223, 126, 191, 255)"
"(206, 153, 95, 255)","(193, 104, 76, 255)"
"(208, 179, 176, 255)","(203, 113, 126, 255)"
"(186, 147, 122, 255)","(162, 92, 86, 255)"
"(204, 176, 172, 255)","(195, 122, 135, 255)"
"(209, 188, 182, 255)","(199, 146, 157, 255)"
"(194, 166, 159, 255)","(180, 114, 126, 255)"
"(165, 115, 96, 255)","(154, 75, 73, 255)"
"(198, 165, 159, 255)","(186, 127, 136, 255)"
"(197, 167, 165, 255)","(172, 111, 120, 255)"
"(211, 166, 136, 255)","(217, 129, 148, 255)"
"(224, 188, 182, 255)","(216, 133, 150, 255)"
"(204, 157, 147, 255)","(191, 106, 132, 255)"
"(194, 158, 154, 255)","(181, 129, 141, 255)"
"(231, 211, 206, 255)","(223, 148, 155, 255)"
"(216, 194, 179, 255)","(199, 132, 149, 255)"
"(234, 208, 212, 255)","(239, 123, 205, 255)"
"(221, 195, 206, 255)","(191, 105, 150, 255)"
"(222, 198, 192, 255)","(213, 146, 165, 255)"
"(219, 195, 196, 255)","(180, 131, 144, 255)"
"(222, 191, 201, 255)","(222, 105, 195, 255)"
"(216, 185, 175, 255)","(180, 116, 119, 255)"
"(199, 162, 143, 255)","(191, 105, 113, 255)"
"(201, 169, 156, 255)","(192, 120, 134, 255)"
"(209, 173, 156, 255)","(192, 117, 133, 255)"
"(245, 173, 119, 255)","(228, 133, 98, 255)"
"(221, 186, 171, 255)","(201, 130, 133, 255)"
"(234, 186, 166, 255)","(238, 131, 105, 255)"
"(205, 153, 112, 255)","(187, 94, 79, 255)"
"(227, 191, 184, 255)","(222, 126, 115, 255)"
"(191, 159, 139, 255)","(188, 99, 101, 255)"
"(208, 168, 156, 255)","(235, 166, 195, 255)"
"(215, 180, 157, 255)","(186, 113, 108, 255)"
"(214, 181, 160, 255)","(208, 109, 112, 255)"
"(218, 190, 178, 255)","(209, 131, 140, 255)"
"(190, 146, 118, 255)","(159, 54, 45, 255)"
"(185, 167, 166, 255)","(181, 130, 154, 255)"
"(195, 162, 138, 255)","(181, 127, 119, 255)"
"(196, 153, 128, 255)","(186, 97, 92, 255)"
"(223, 200, 197, 255)","(223, 142, 166, 255)"
"(210, 183, 161, 255)","(206, 110, 116, 255)"
"(208, 180, 174, 255)","(203, 147, 161, 255)"
"(213, 189, 179, 255)","(212, 133, 148, 255)"
"(225, 179, 143, 255)","(213, 141, 112, 255)"
"(199, 168, 161, 255)","(204, 133, 143, 255)"
"(240, 202, 161, 255)","(230, 148, 138, 255)"
"(217, 165, 126, 255)","(183, 108, 91, 255)"
"(220, 183, 165, 255)","(213, 125, 137, 255)"
"(190, 162, 153, 255)","(178, 88, 94, 255)"
"(219, 199, 182, 255)","(220, 173, 175, 255)"
"(226, 181, 147, 255)","(227, 132, 128, 255)"
"(231, 195, 171, 255)","(221, 140, 142, 255)"
"(197, 176, 175, 255)","(177, 124, 141, 255)"
"(213, 157, 112, 255)","(186, 110, 81, 255)"
"(219, 193, 192, 255)","(184, 133, 140, 255)"
"(221, 184, 166, 255)","(215, 118, 128, 255)"
"(235, 182, 160, 255)","(208, 118, 110, 255)"
"(226, 195, 182, 255)","(215, 168, 168, 255)"
"(175, 126, 93, 255)","(170, 104, 93, 255)"
"(181, 156, 129, 255)","(203, 132, 150, 255)"
"(213, 183, 175, 255)","(188, 142, 141, 255)"
"(194, 177, 176, 255)","(178, 141, 167, 255)"
"(218, 174, 181, 255)","(182, 89, 130, 255)"
"(194, 139, 109, 255)","(168, 76, 68, 255)"
"(202, 177, 170, 255)","(187, 140, 151, 255)"
"(218, 181, 154, 255)","(202, 109, 106, 255)"
"(200, 171, 165, 255)","(190, 104, 120, 255)"
"(246, 208, 215, 255)","(244, 209, 210, 255)"
"(210, 172, 170, 255)","(203, 141, 160, 255)"
"(191, 162, 152, 255)","(172, 108, 117, 255)"
"(181, 155, 145, 255)","(178, 112, 119, 255)"
"(166, 123, 115, 255)","(170, 109, 130, 255)"
"(219, 198, 196, 255)","(202, 156, 166, 255)"
"(193, 172, 165, 255)","(179, 110, 110, 255)"
"(221, 182, 174, 255)","(218, 146, 160, 255)"
"(216, 179, 157, 255)","(213, 119, 125, 255)"
"(239, 214, 210, 255)","(230, 172, 191, 255)"
"(212, 141, 107, 255)","(185, 96, 87, 255)"
"(213, 186, 192, 255)","(210, 98, 162, 255)"
"(207, 154, 134, 255)","(188, 115, 113, 255)"
"(215, 183, 174, 255)","(175, 111, 114, 255)"
"(232, 206, 196, 255)","(213, 169, 174, 255)"
"(161, 139, 146, 255)","(175, 130, 145, 255)"
"(211, 176, 172, 255)","(210, 114, 169, 255)"
"(187, 169, 164, 255)","(185, 128, 158, 255)"
"(173, 136, 110, 255)","(143, 99, 87, 255)"
"(190, 152, 139, 255)","(166, 95, 89, 255)"
"(201, 173, 160, 255)","(183, 118, 133, 255)"
"(187, 168, 156, 255)","(170, 57, 61, 255)"
"(171, 124, 119, 255)","(140, 37, 68, 255)"
"(212, 173, 160, 255)","(204, 148, 140, 255)"
"(215, 179, 163, 255)","(202, 112, 95, 255)"
"(171, 124, 96, 255)","(162, 89, 83, 255)"
"(204, 176, 160, 255)","(197, 109, 118, 255)"
"(215, 176, 154, 255)","(207, 112, 112, 255)"
"(228, 208, 207, 255)","(220, 145, 167, 255)"
"(214, 190, 188, 255)","(193, 144, 154, 255)"
"(224, 196, 171, 255)","(221, 131, 128, 255)"
"(212, 189, 183, 255)","(203, 140, 156, 255)"
"(212, 176, 162, 255)","(209, 127, 122, 255)"
"(222, 184, 175, 255)","(216, 130, 129, 255)"
"(206, 169, 161, 255)","(195, 106, 107, 255)"
"(187, 136, 110, 255)","(189, 117, 108, 255)"
"(240, 202, 161, 255)","(230, 148, 138, 255)"
"(200, 164, 155, 255)","(187, 130, 136, 255)"
"(210, 181, 169, 255)","(213, 119, 135, 255)"
"(171, 129, 113, 255)","(150, 91, 94, 255)"
"(213, 157, 117, 255)","(190, 102, 90, 255)"
"(213, 180, 158, 255)","(205, 120, 124, 255)"
"(206, 158, 137, 255)","(191, 122, 118, 255)"
"(228, 170, 152, 255)","(225, 93, 109, 255)"
"(205, 187, 172, 255)","(193, 116, 110, 255)"
"(202, 181, 171, 255)","(191, 127, 138, 255)"
"(233, 200, 182, 255)","(232, 122, 144, 255)"
"(222, 178, 168, 255)","(204, 111, 126, 255)"
"(240, 157, 106, 255)","(213, 115, 83, 255)"
"(192, 158, 140, 255)","(165, 94, 95, 255)"
"(213, 155, 135, 255)","(187, 91, 85, 255)"
"(219, 198, 196, 255)","(202, 156, 166, 255)"
"(218, 188, 180, 255)","(186, 124, 130, 255)"
"(194, 138, 112, 255)","(179, 103, 91, 255)"
"(195, 167, 161, 255)","(202, 145, 159, 255)"
"(206, 179, 200, 255)","(209, 97, 187, 255)"
"(226, 208, 209, 255)","(212, 132, 177, 255)"
"(178, 159, 151, 255)","(188, 128, 131, 255)"
"(199, 160, 152, 255)","(189, 104, 124, 255)"
"(232, 217, 215, 255)","(230, 156, 172, 255)"
"(174, 152, 144, 255)","(154, 82, 81, 255)"
"(213, 183, 175, 255)","(188, 142, 141, 255)"
"(210, 170, 147, 255)","(218, 108, 109, 255)"
"(183, 146, 131, 255)","(168, 104, 111, 255)"
"(224, 183, 128, 255)","(213, 133, 105, 255)"
"(214, 187, 179, 255)","(199, 133, 139, 255)"
"(230, 205, 196, 255)","(228, 152, 164, 255)"
"(208, 180, 173, 255)","(192, 132, 138, 255)"
"(173, 133, 126, 255)","(174, 92, 96, 255)"
"(201, 175, 170, 255)","(208, 153, 177, 255)"
"(237, 201, 188, 255)","(226, 138, 148, 255)"
"(197, 167, 159, 255)","(187, 123, 132, 255)"
"(205, 153, 112, 255)","(187, 94, 79, 255)"
"(203, 177, 166, 255)","(199, 140, 167, 255)"
"(210, 171, 157, 255)","(181, 94, 92, 255)"
"(199, 166, 156, 255)","(194, 142, 149, 255)"
"(216, 181, 166, 255)","(205, 120, 128, 255)"
"(207, 183, 181, 255)","(218, 123, 130, 255)"
"(208, 171, 165, 255)","(194, 121, 135, 255)"
"(221, 190, 168, 255)","(228, 120, 154, 255)"
"(219, 205, 217, 255)","(222, 129, 205, 255)"
"(215, 199, 219, 255)","(190, 128, 158, 255)"
"(207, 161, 127, 255)","(190, 123, 113, 255)"
"(229, 191, 174, 255)","(238, 146, 168, 255)"
"(164, 118, 103, 255)","(166, 85, 93, 255)"
"(214, 190, 188, 255)","(193, 144, 154, 255)"
"(218, 163, 123, 255)","(183, 99, 83, 255)"
"(170, 144, 139, 255)","(170, 118, 120, 255)"
"(227, 182, 155, 255)","(234, 124, 128, 255)"
"(248, 178, 133, 255)","(229, 136, 104, 255)"
"(188, 168, 165, 255)","(181, 129, 154, 255)"
"(178, 145, 125, 255)","(154, 110, 105, 255)"
"(220, 198, 187, 255)","(210, 145, 156, 255)"
"(232, 209, 205, 255)","(212, 155, 158, 255)"
"(214, 170, 150, 255)","(206, 105, 87, 255)"
"(229, 189, 167, 255)","(218, 111, 117, 255)"
"(223, 195, 179, 255)","(215, 65, 66, 255)"
"(222, 183, 162, 255)","(192, 132, 125, 255)"
"(220, 162, 148, 255)","(215, 94, 94, 255)"
"(199, 167, 147, 255)","(179, 120, 119, 255)"
"(203, 163, 153, 255)","(199, 121, 118, 255)"
"(193, 161, 150, 255)","(183, 106, 115, 255)"
"(217, 171, 138, 255)","(193, 107, 113, 255)"
"(203, 179, 168, 255)","(188, 129, 141, 255)"
"(226, 196, 192, 255)","(225, 159, 188, 255)"
"(232, 189, 165, 255)","(221, 143, 126, 255)"
"(223, 178, 149, 255)","(217, 114, 112, 255)"
"(239, 199, 173, 255)","(230, 151, 135, 255)"
"(167, 142, 136, 255)","(154, 87, 84, 255)"
"(208, 163, 164, 255)","(181, 97, 113, 255)"
"(213, 188, 175, 255)","(192, 127, 145, 255)"
"(196, 154, 126, 255)","(172, 120, 107, 255)"
"(192, 165, 155, 255)","(176, 128, 134, 255)"
"(239, 174, 133, 255)","(222, 121, 101, 255)"
"(232, 179, 145, 255)","(217, 94, 101, 255)"
"(182, 155, 150, 255)","(170, 110, 113, 255)"
"(225, 201, 201, 255)","(209, 145, 157, 255)"
"(219, 177, 159, 255)","(221, 125, 134, 255)"
"(176, 127, 98, 255)","(167, 82, 78, 255)"
"(226, 181, 154, 255)","(212, 122, 135, 255)"
"(207, 176, 189, 255)","(198, 80, 170, 255)"
"(225, 200, 186, 255)","(249, 149, 157, 255)"
"(205, 154, 133, 255)","(201, 101, 129, 255)"
"(202, 166, 157, 255)","(179, 116, 126, 255)"
"(210, 174, 150, 255)","(185, 104, 109, 255)"
"(228, 192, 175, 255)","(217, 129, 131, 255)"
"(214, 193, 182, 255)","(205, 136, 149, 255)"
"(209, 188, 182, 255)","(199, 146, 157, 255)"
"(217, 189, 185, 255)","(201, 121, 141, 255)"
"(208, 178, 171, 255)","(192, 137, 148, 255)"
"(215, 176, 165, 255)","(202, 113, 130, 255)"
"(195, 167, 161, 255)","(202, 145, 159, 255)"
"(231, 196, 183, 255)","(222, 160, 166, 255)"
"(218, 197, 192, 255)","(204, 130, 140, 255)"
"(212, 173, 151, 255)","(186, 119, 116, 255)"
"(181, 132, 87, 255)","(174, 87, 65, 255)"
"(217, 186, 183, 255)","(205, 120, 139, 255)"
"(193, 151, 134, 255)","(183, 113, 119, 255)"
"(194, 176, 175, 255)","(172, 123, 142, 255)"
"(219, 200, 186, 255)","(238, 134, 145, 255)"
"(221, 200, 192, 255)","(205, 137, 145, 255)"
"(201, 167, 162, 255)","(198, 150, 158, 255)"
"(228, 205, 195, 255)","(221, 178, 177, 255)"
"(211, 178, 190, 255)","(215, 88, 174, 255)"
"(216, 190, 179, 255)","(206, 135, 164, 255)"
"(186, 147, 122, 255)","(162, 92, 86, 255)"
"(224, 177, 158, 255)","(208, 116, 126, 255)"
"(192, 156, 138, 255)","(177, 116, 118, 255)"
"(211, 155, 122, 255)","(196, 112, 103, 255)"
"(181, 154, 140, 255)","(162, 66, 71, 255)"
"(186, 140, 132, 255)","(162, 72, 99, 255)"
"(191, 166, 154, 255)","(184, 125, 134, 255)"
"(210, 140, 96, 255)","(196, 95, 75, 255)"
"(202, 129, 85, 255)","(177, 92, 64, 255)"
"(198, 154, 150, 255)","(181, 96, 111, 255)"
"(206, 161, 146, 255)","(195, 99, 109, 255)"
"(213, 184, 169, 255)","(209, 144, 138, 255)"
"(213, 184, 169, 255)","(209, 144, 138, 255)"
"(211, 149, 101, 255)","(196, 109, 82, 255)"
"(215, 165, 138, 255)","(195, 107, 121, 255)"
"(220, 187, 181, 255)","(205, 53, 63, 255)"
"(199, 174, 174, 255)","(195, 146, 158, 255)"
"(226, 188, 173, 255)","(214, 157, 166, 255)"
"(198, 170, 164, 255)","(181, 130, 138, 255)"
"(217, 181, 175, 255)","(206, 134, 133, 255)"
"(209, 172, 149, 255)","(202, 125, 125, 255)"
"(209, 168, 158, 255)","(188, 93, 98, 255)"
"(218, 192, 179, 255)","(214, 148, 153, 255)"
"(208, 168, 155, 255)","(189, 120, 125, 255)"
"(218, 188, 175, 255)","(215, 43, 40, 255)"
"(227, 177, 158, 255)","(222, 151, 156, 255)"
"(207, 167, 139, 255)","(194, 113, 91, 255)"
"(226, 194, 188, 255)","(211, 132, 146, 255)"
"(239, 198, 178, 255)","(229, 147, 149, 255)"
"(211, 183, 171, 255)","(186, 128, 126, 255)"
"(234, 208, 210, 255)","(220, 165, 200, 255)"
"(210, 191, 186, 255)","(208, 150, 169, 255)"
"(214, 176, 167, 255)","(198, 110, 123, 255)"
"(232, 202, 173, 255)","(224, 166, 148, 255)"
"(227, 207, 195, 255)","(215, 155, 184, 255)"
"(202, 148, 89, 255)","(177, 81, 53, 255)"
"(164, 106, 92, 255)","(158, 42, 51, 255)"
"(217, 171, 138, 255)","(193, 107, 113, 255)"
"(236, 207, 195, 255)","(211, 149, 145, 255)"
"(234, 207, 192, 255)","(235, 130, 131, 255)"
"(197, 147, 130, 255)","(200, 100, 83, 255)"
"(209, 169, 149, 255)","(208, 121, 134, 255)"
"(196, 168, 164, 255)","(191, 118, 145, 255)"
"(223, 193, 176, 255)","(189, 132, 130, 255)"
"(204, 176, 157, 255)","(188, 125, 124, 255)"
"(201, 175, 167, 255)","(194, 125, 131, 255)"
"(207, 154, 134, 255)","(188, 115, 113, 255)"
"(232, 209, 194, 255)","(225, 158, 161, 255)"
"(231, 197, 185, 255)","(211, 151, 154, 255)"
"(203, 172, 166, 255)","(183, 105, 126, 255)"
"(229, 182, 166, 255)","(208, 128, 128, 255)"
"(217, 191, 183, 255)","(218, 149, 158, 255)"
"(182, 144, 126, 255)","(157, 98, 99, 255)"
"(190, 160, 156, 255)","(170, 115, 130, 255)"
"(205, 179, 174, 255)","(200, 137, 149, 255)"
"(196, 161, 148, 255)","(186, 104, 98, 255)"
"(207, 172, 155, 255)","(188, 133, 129, 255)"
"(202, 184, 184, 255)","(187, 88, 124, 255)"
"(202, 176, 165, 255)","(194, 138, 152, 255)"
"(201, 168, 146, 255)","(207, 121, 152, 255)"
"(216, 175, 164, 255)","(189, 116, 116, 255)"
"(198, 154, 133, 255)","(177, 92, 100, 255)"
"(239, 169, 132, 255)","(235, 123, 105, 255)"
"(220, 203, 213, 255)","(220, 133, 205, 255)"
"(204, 166, 162, 255)","(195, 77, 151, 255)"
"(206, 181, 186, 255)","(192, 135, 152, 255)"
"(152, 109, 95, 255)","(138, 78, 79, 255)"
"(216, 190, 172, 255)","(212, 156, 171, 255)"
"(216, 194, 179, 255)","(199, 132, 149, 255)"
"(221, 138, 75, 255)","(185, 60, 27, 255)"
"(227, 207, 195, 255)","(215, 155, 184, 255)"
"(185, 159, 153, 255)","(179, 103, 121, 255)"
"(209, 151, 115, 255)","(195, 108, 105, 255)"
"(188, 161, 152, 255)","(172, 124, 131, 255)"
"(202, 176, 165, 255)","(194, 138, 152, 255)"
"(190, 152, 140, 255)","(161, 87, 87, 255)"
"(186, 147, 151, 255)","(188, 92, 115, 255)"
"(247, 205, 174, 255)","(239, 152, 123, 255)"
"(226, 199, 179, 255)","(218, 125, 129, 255)"
"(221, 190, 168, 255)","(228, 120, 154, 255)"
"(207, 177, 167, 255)","(197, 139, 146, 255)"
"(227, 189, 184, 255)","(215, 126, 128, 255)"
"(218, 189, 180, 255)","(208, 154, 161, 255)"
"(224, 181, 153, 255)","(226, 148, 140, 255)"
"(213, 177, 160, 255)","(217, 118, 133, 255)"
"(233, 218, 220, 255)","(223, 172, 206, 255)"
"(222, 185, 179, 255)","(208, 127, 128, 255)"
"(161, 139, 146, 255)","(175, 130, 145, 255)"
"(211, 171, 149, 255)","(211, 103, 117, 255)"
"(207, 173, 150, 255)","(187, 130, 126, 255)"
"(208, 180, 167, 255)","(196, 113, 127, 255)"
"(204, 173, 163, 255)","(198, 120, 144, 255)"
"(190, 157, 136, 255)","(188, 93, 97, 255)"
"(207, 147, 114, 255)","(200, 102, 108, 255)"
"(216, 164, 155, 255)","(186, 91, 98, 255)"
"(241, 177, 135, 255)","(227, 129, 103, 255)"
"(173, 141, 125, 255)","(167, 88, 99, 255)"
"(229, 184, 159, 255)","(211, 112, 100, 255)"
"(237, 218, 205, 255)","(227, 171, 193, 255)"
"(190, 152, 139, 255)","(166, 95, 89, 255)"
"(235, 216, 207, 255)","(223, 172, 175, 255)"
"(206, 178, 192, 255)","(210, 79, 173, 255)"
"(215, 192, 193, 255)","(182, 136, 147, 255)"
"(219, 196, 190, 255)","(213, 172, 179, 255)"
"(165, 115, 98, 255)","(161, 86, 93, 255)"
"(218, 196, 205, 255)","(229, 131, 199, 255)"
"(218, 193, 186, 255)","(202, 133, 152, 255)"
"(221, 173, 176, 255)","(218, 78, 153, 255)"
"(195, 176, 168, 255)","(184, 120, 144, 255)"
"(179, 141, 135, 255)","(178, 121, 143, 255)"
"(215, 180, 163, 255)","(208, 139, 130, 255)"
"(194, 171, 161, 255)","(180, 121, 130, 255)"
"(207, 180, 174, 255)","(200, 128, 141, 255)"
"(180, 144, 130, 255)","(196, 130, 153, 255)"
"(166, 123, 115, 255)","(170, 109, 130, 255)"
"(197, 167, 161, 255)","(187, 125, 135, 255)"
"(192, 165, 155, 255)","(176, 128, 134, 255)"
"(218, 193, 187, 255)","(195, 100, 126, 255)"
"(237, 217, 206, 255)","(234, 183, 188, 255)"
"(180, 149, 142, 255)","(182, 124, 134, 255)"
"(189, 159, 150, 255)","(182, 99, 115, 255)"
"(229, 196, 187, 255)","(217, 125, 142, 255)"
"(190, 152, 140, 255)","(161, 87, 87, 255)"
"(192, 161, 153, 255)","(176, 112, 117, 255)"
"(214, 182, 179, 255)","(210, 135, 149, 255)"
"(208, 185, 182, 255)","(189, 92, 125, 255)"
"(179, 157, 161, 255)","(146, 106, 124, 255)"
"(230, 211, 208, 255)","(228, 145, 165, 255)"
"(213, 179, 169, 255)","(201, 144, 165, 255)"
"(209, 179, 175, 255)","(208, 123, 133, 255)"
"(214, 171, 159, 255)","(198, 110, 141, 255)"
"(233, 211, 215, 255)","(227, 178, 214, 255)"
"(220, 195, 185, 255)","(202, 150, 164, 255)"
"(211, 194, 194, 255)","(209, 148, 183, 255)"
"(213, 186, 185, 255)","(207, 123, 148, 255)"
"(144, 106, 99, 255)","(146, 101, 92, 255)"
"(220, 156, 122, 255)","(227, 106, 77, 255)"
"(225, 179, 143, 255)","(213, 141, 112, 255)"
"(188, 137, 100, 255)","(174, 104, 94, 255)"
"(233, 208, 197, 255)","(208, 165, 167, 255)"
"(190, 127, 83, 255)","(167, 90, 62, 255)"
"(227, 207, 193, 255)","(212, 144, 155, 255)"
"(245, 164, 115, 255)","(225, 127, 98, 255)"
"(220, 196, 185, 255)","(216, 142, 158, 255)"
"(202, 172, 150, 255)","(197, 111, 111, 255)"
"(215, 182, 167, 255)","(216, 33, 29, 255)"
"(239, 219, 218, 255)","(229, 173, 196, 255)"
"(206, 179, 167, 255)","(206, 119, 130, 255)"
"(213, 175, 165, 255)","(197, 120, 116, 255)"
"(226, 167, 148, 255)","(210, 122, 120, 255)"
"(221, 186, 176, 255)","(215, 128, 126, 255)"
"(194, 168, 152, 255)","(211, 152, 177, 255)"
"(204, 176, 172, 255)","(195, 122, 135, 255)"
"(224, 201, 195, 255)","(220, 159, 176, 255)"
"(192, 178, 177, 255)","(183, 136, 160, 255)"
"(221, 182, 174, 255)","(210, 111, 111, 255)"
"(211, 174, 167, 255)","(207, 112, 116, 255)"
"(217, 179, 168, 255)","(194, 137, 137, 255)"
"(206, 169, 157, 255)","(193, 129, 137, 255)"
"(220, 195, 185, 255)","(202, 150, 164, 255)"
"(237, 216, 206, 255)","(223, 180, 189, 255)"
"(235, 218, 195, 255)","(223, 158, 169, 255)"
"(206, 181, 186, 255)","(192, 135, 152, 255)"
"(213, 172, 141, 255)","(194, 118, 112, 255)"
"(235, 192, 171, 255)","(214, 132, 125, 255)"
"(198, 170, 155, 255)","(166, 133, 134, 255)"
"(215, 169, 164, 255)","(205, 104, 120, 255)"
"(221, 199, 208, 255)","(205, 114, 162, 255)"
"(241, 199, 176, 255)","(230, 147, 142, 255)"
"(194, 168, 152, 255)","(211, 152, 177, 255)"
"(219, 190, 187, 255)","(205, 164, 172, 255)"
"(206, 163, 137, 255)","(188, 90, 96, 255)"
"(189, 158, 151, 255)","(185, 118, 137, 255)"
"(197, 167, 161, 255)","(187, 125, 135, 255)"
"(245, 213, 205, 255)","(244, 165, 190, 255)"
"(250, 208, 188, 255)","(235, 156, 165, 255)"
"(212, 198, 214, 255)","(214, 124, 200, 255)"
"(197, 182, 185, 255)","(191, 137, 168, 255)"
"(237, 215, 217, 255)","(222, 174, 204, 255)"
"(216, 191, 184, 255)","(201, 134, 143, 255)"
"(198, 143, 124, 255)","(178, 91, 89, 255)"
"(213, 178, 153, 255)","(213, 113, 109, 255)"
"(226, 185, 173, 255)","(211, 146, 147, 255)"
"(221, 184, 168, 255)","(217, 133, 137, 255)"
"(230, 211, 213, 255)","(218, 165, 196, 255)"
"(193, 159, 142, 255)","(175, 107, 111, 255)"
"(207, 182, 176, 255)","(199, 131, 145, 255)"
"(233, 183, 160, 255)","(216, 133, 125, 255)"
"(205, 176, 158, 255)","(184, 130, 129, 255)"
"(211, 161, 141, 255)","(200, 107, 116, 255)"
"(225, 199, 198, 255)","(218, 172, 187, 255)"
"(207, 174, 160, 255)","(194, 126, 133, 255)"
"(197, 167, 148, 255)","(184, 120, 118, 255)"
"(208, 185, 173, 255)","(195, 121, 133, 255)"
"(214, 175, 154, 255)","(210, 148, 151, 255)"
"(235, 192, 171, 255)","(214, 132, 125, 255)"
"(196, 170, 160, 255)","(176, 121, 126, 255)"
"(205, 164, 156, 255)","(197, 99, 143, 255)"
"(233, 218, 220, 255)","(223, 172, 206, 255)"
"(230, 204, 198, 255)","(225, 143, 180, 255)"
"(231, 203, 187, 255)","(234, 141, 154, 255)"
"(228, 160, 135, 255)","(229, 125, 119, 255)"
"(207, 157, 133, 255)","(203, 103, 79, 255)"
"(172, 142, 135, 255)","(148, 88, 100, 255)"
"(213, 182, 172, 255)","(212, 124, 134, 255)"
"(206, 158, 137, 255)","(191, 122, 118, 255)"
"(226, 181, 154, 255)","(212, 122, 135, 255)"
"(175, 126, 93, 255)","(170, 104, 93, 255)"
"(190, 159, 141, 255)","(181, 101, 102, 255)"
"(206, 179, 170, 255)","(199, 132, 152, 255)"
"(238, 214, 215, 255)","(234, 189, 217, 255)"
"(227, 177, 158, 255)","(222, 151, 156, 255)"
"(203, 180, 186, 255)","(191, 117, 132, 255)"
"(177, 128, 105, 255)","(161, 56, 46, 255)"
"(221, 188, 181, 255)","(208, 137, 137, 255)"
"(198, 179, 175, 255)","(191, 148, 163, 255)"
"(234, 208, 210, 255)","(220, 165, 200, 255)"
"(226, 194, 175, 255)","(212, 139, 133, 255)"
"(210, 182, 168, 255)","(205, 129, 122, 255)"
"(214, 195, 197, 255)","(212, 138, 164, 255)"
"(194, 161, 155, 255)","(176, 52, 64, 255)"
"(200, 144, 124, 255)","(186, 69, 94, 255)"
"(218, 187, 167, 255)","(215, 115, 118, 255)"
"(222, 181, 161, 255)","(206, 135, 126, 255)"
"(223, 195, 170, 255)","(222, 123, 127, 255)"
"(199, 115, 71, 255)","(185, 69, 44, 255)"
"(209, 181, 168, 255)","(191, 117, 130, 255)"
"(226, 188, 173, 255)","(214, 157, 166, 255)"
"(234, 153, 104, 255)","(219, 122, 90, 255)"
"(215, 162, 123, 255)","(188, 118, 96, 255)"
"(226, 201, 187, 255)","(216, 161, 163, 255)"
"(222, 188, 180, 255)","(209, 122, 145, 255)"
"(180, 147, 128, 255)","(152, 87, 89, 255)"
"(220, 198, 181, 255)","(224, 154, 187, 255)"
"(200, 164, 155, 255)","(187, 130, 136, 255)"
"(184, 149, 143, 255)","(172, 106, 124, 255)"
"(231, 197, 185, 255)","(211, 151, 154, 255)"
"(197, 176, 194, 255)","(185, 97, 155, 255)"
"(201, 175, 167, 255)","(194, 125, 131, 255)"
"(201, 159, 146, 255)","(187, 101, 114, 255)"
"(233, 190, 175, 255)","(231, 143, 156, 255)"
"(188, 170, 170, 255)","(178, 122, 152, 255)"
"(192, 138, 110, 255)","(189, 102, 94, 255)"
"(208, 179, 177, 255)","(202, 118, 135, 255)"
"(235, 195, 168, 255)","(225, 139, 120, 255)"
"(205, 167, 163, 255)","(171, 88, 120, 255)"
"(202, 156, 141, 255)","(180, 103, 106, 255)"
"(217, 178, 170, 255)","(182, 97, 120, 255)"
"(225, 195, 180, 255)","(213, 156, 158, 255)"
"(230, 202, 193, 255)","(211, 133, 148, 255)"
"(235, 204, 192, 255)","(226, 153, 157, 255)"
"(214, 177, 151, 255)","(196, 131, 121, 255)"
"(222, 175, 151, 255)","(194, 108, 103, 255)"
"(215, 166, 128, 255)","(220, 113, 89, 255)"
"(245, 201, 173, 255)","(235, 147, 137, 255)"
"(246, 206, 180, 255)","(236, 160, 150, 255)"
"(223, 198, 191, 255)","(214, 133, 148, 255)"
"(209, 169, 149, 255)","(208, 121, 134, 255)"
"(222, 203, 198, 255)","(208, 152, 171, 255)"
"(220, 191, 184, 255)","(219, 144, 148, 255)"
"(225, 190, 180, 255)","(231, 147, 149, 255)"
"(235, 204, 187, 255)","(231, 165, 152, 255)"
"(196, 147, 136, 255)","(208, 121, 122, 255)"
"(229, 199, 179, 255)","(214, 151, 147, 255)"
"(195, 158, 142, 255)","(185, 123, 130, 255)"
"(237, 216, 206, 255)","(223, 180, 189, 255)"
"(226, 206, 199, 255)","(220, 172, 181, 255)"
"(171, 124, 96, 255)","(162, 89, 83, 255)"
"(198, 170, 155, 255)","(166, 133, 134, 255)"
"(228, 183, 159, 255)","(220, 145, 144, 255)"
"(219, 173, 160, 255)","(235, 191, 188, 255)"
"(213, 154, 128, 255)","(200, 116, 105, 255)"
"(228, 184, 177, 255)","(235, 161, 169, 255)"
"(219, 188, 194, 255)","(201, 116, 134, 255)"
"(222, 184, 173, 255)","(201, 132, 137, 255)"
"(197, 149, 118, 255)","(183, 111, 102, 255)"
"(209, 178, 170, 255)","(191, 115, 137, 255)"
"(208, 178, 163, 255)","(183, 108, 120, 255)"
"(193, 159, 154, 255)","(180, 104, 127, 255)"
"(218, 184, 175, 255)","(213, 123, 134, 255)"
"(245, 201, 173, 255)","(235, 147, 137, 255)"
"(247, 205, 174, 255)","(239, 152, 123, 255)"
"(215, 180, 173, 255)","(207, 123, 124, 255)"
"(214, 174, 167, 255)","(196, 105, 105, 255)"
"(197, 153, 123, 255)","(179, 65, 51, 255)"
"(193, 145, 127, 255)","(194, 110, 112, 255)"
"(227, 191, 182, 255)","(222, 143, 138, 255)"
"(213, 177, 162, 255)","(218, 124, 136, 255)"
"(200, 159, 128, 255)","(184, 110, 107, 255)"
"(180, 136, 125, 255)","(186, 97, 123, 255)"
"(212, 164, 131, 255)","(188, 108, 101, 255)"
"(217, 186, 190, 255)","(198, 110, 129, 255)"
"(210, 179, 184, 255)","(198, 135, 151, 255)"
"(216, 158, 128, 255)","(224, 126, 138, 255)"
"(198, 170, 164, 255)","(181, 130, 138, 255)"
"(241, 204, 195, 255)","(235, 148, 140, 255)"
"(225, 183, 152, 255)","(222, 118, 124, 255)"
"(191, 156, 133, 255)","(174, 103, 107, 255)"
"(244, 226, 218, 255)","(237, 191, 214, 255)"
"(224, 196, 180, 255)","(215, 138, 153, 255)"
"(229, 189, 167, 255)","(234, 154, 153, 255)"
"(228, 191, 167, 255)","(226, 148, 153, 255)"
"(213, 170, 154, 255)","(206, 130, 134, 255)"
"(193, 150, 124, 255)","(180, 96, 106, 255)"
"(245, 176, 130, 255)","(232, 123, 94, 255)"
"(233, 190, 175, 255)","(221, 146, 146, 255)"
"(223, 186, 167, 255)","(217, 132, 147, 255)"
"(214, 182, 179, 255)","(210, 135, 149, 255)"
"(132, 100, 92, 255)","(113, 53, 57, 255)"
"(218, 195, 195, 255)","(195, 128, 145, 255)"
"(218, 189, 180, 255)","(208, 154, 161, 255)"
"(235, 187, 152, 255)","(230, 130, 102, 255)"
"(232, 202, 205, 255)","(219, 146, 160, 255)"
"(206, 153, 95, 255)","(193, 104, 76, 255)"
"(233, 183, 160, 255)","(216, 133, 125, 255)"
"(223, 181, 177, 255)","(225, 119, 170, 255)"
"(224, 197, 190, 255)","(211, 138, 144, 255)"
"(235, 182, 160, 255)","(208, 118, 110, 255)"
"(220, 173, 163, 255)","(213, 131, 147, 255)"
"(232, 186, 173, 255)","(230, 131, 161, 255)"
"(250, 208, 188, 255)","(235, 156, 165, 255)"
"(226, 195, 182, 255)","(215, 168, 168, 255)"
"(216, 190, 187, 255)","(214, 140, 161, 255)"
"(215, 180, 163, 255)","(208, 139, 130, 255)"
"(233, 202, 204, 255)","(225, 144, 157, 255)"
"(237, 175, 137, 255)","(239, 118, 89, 255)"
"(229, 192, 194, 255)","(212, 134, 148, 255)"
"(222, 199, 190, 255)","(208, 155, 161, 255)"
"(225, 199, 198, 255)","(218, 172, 187, 255)"
"(216, 191, 189, 255)","(196, 131, 154, 255)"
"(236, 207, 195, 255)","(211, 149, 145, 255)"
"(164, 106, 92, 255)","(158, 42, 51, 255)"
"(221, 182, 174, 255)","(218, 146, 160, 255)"
"(196, 151, 145, 255)","(171, 98, 109, 255)"
"(243, 165, 105, 255)","(220, 109, 68, 255)"
"(224, 198, 187, 255)","(213, 165, 167, 255)"
"(221, 164, 148, 255)","(201, 110, 113, 255)"
"(220, 192, 181, 255)","(204, 145, 150, 255)"
"(234, 184, 169, 255)","(227, 129, 123, 255)"
"(185, 154, 148, 255)","(189, 98, 110, 255)"
"(238, 180, 175, 255)","(227, 137, 141, 255)"
"(213, 155, 135, 255)","(187, 91, 85, 255)"
"(194, 154, 129, 255)","(186, 111, 121, 255)"
"(151, 109, 96, 255)","(179, 92, 115, 255)"
"(225, 195, 185, 255)","(226, 170, 187, 255)"
"(231, 196, 179, 255)","(218, 126, 131, 255)"
"(208, 185, 173, 255)","(195, 121, 133, 255)"
"(209, 163, 148, 255)","(202, 128, 132, 255)"
"(228, 206, 210, 255)","(222, 128, 152, 255)"
"(218, 180, 160, 255)","(191, 101, 93, 255)"
"(220, 186, 179, 255)","(204, 129, 128, 255)"
"(213, 172, 164, 255)","(202, 113, 110, 255)"
"(199, 147, 125, 255)","(207, 113, 120, 255)"
"(210, 177, 167, 255)","(211, 126, 139, 255)"
"(232, 189, 165, 255)","(221, 143, 126, 255)"
"(230, 199, 188, 255)","(215, 119, 134, 255)"
"(197, 139, 118, 255)","(196, 108, 108, 255)"
"(220, 173, 159, 255)","(207, 94, 98, 255)"
"(236, 190, 162, 255)","(235, 140, 155, 255)"
"(179, 134, 119, 255)","(149, 74, 72, 255)"
"(215, 151, 136, 255)","(195, 112, 118, 255)"
"(221, 188, 166, 255)","(231, 163, 182, 255)"
"(226, 167, 148, 255)","(210, 122, 120, 255)"
"(214, 189, 185, 255)","(207, 148, 169, 255)"
"(199, 115, 71, 255)","(185, 69, 44, 255)"
"(233, 211, 200, 255)","(219, 144, 178, 255)"
"(229, 186, 178, 255)","(231, 156, 173, 255)"
"(219, 193, 183, 255)","(217, 136, 152, 255)"
"(219, 183, 160, 255)","(224, 147, 144, 255)"
"(189, 158, 151, 255)","(185, 118, 137, 255)"
"(231, 213, 211, 255)","(225, 178, 208, 255)"
"(241, 207, 209, 255)","(228, 154, 169, 255)"
"(231, 197, 200, 255)","(217, 139, 156, 255)"
"(237, 218, 205, 255)","(227, 171, 193, 255)"
"(232, 194, 168, 255)","(212, 153, 147, 255)"
"(231, 196, 183, 255)","(222, 160, 166, 255)"
"(247, 202, 183, 255)","(231, 156, 160, 255)"
"(246, 201, 179, 255)","(236, 160, 148, 255)"
"(229, 186, 178, 255)","(231, 156, 173, 255)"
"(205, 164, 149, 255)","(212, 123, 133, 255)"
"(188, 161, 152, 255)","(172, 124, 131, 255)"
"(235, 187, 172, 255)","(222, 132, 152, 255)"
"(241, 212, 197, 255)","(234, 163, 156, 255)"
"(217, 165, 153, 255)","(202, 123, 130, 255)"
"(230, 198, 196, 255)","(230, 171, 186, 255)"
"(207, 175, 163, 255)","(198, 128, 139, 255)"
"(223, 181, 174, 255)","(220, 143, 157, 255)"
"(183, 163, 153, 255)","(186, 119, 118, 255)"
"(195, 167, 161, 255)","(202, 145, 159, 255)"
"(228, 208, 205, 255)","(225, 148, 170, 255)"
"(241, 204, 189, 255)","(226, 142, 139, 255)"
"(221, 197, 192, 255)","(199, 149, 164, 255)"
"(233, 178, 163, 255)","(221, 132, 123, 255)"
"(193, 156, 144, 255)","(181, 123, 125, 255)"
"(227, 200, 206, 255)","(215, 133, 152, 255)"
"(207, 182, 176, 255)","(199, 131, 145, 255)"
"(225, 197, 196, 255)","(209, 116, 136, 255)"
"(239, 199, 173, 255)","(230, 151, 135, 255)"
"(224, 183, 128, 255)","(213, 133, 105, 255)"
"(223, 200, 201, 255)","(218, 142, 169, 255)"
"(217, 166, 139, 255)","(209, 128, 125, 255)"
"(230, 198, 176, 255)","(232, 175, 188, 255)"
"(201, 168, 146, 255)","(207, 121, 152, 255)"
"(239, 195, 166, 255)","(233, 149, 136, 255)"
"(179, 134, 119, 255)","(149, 74, 72, 255)"
"(221, 192, 177, 255)","(215, 158, 163, 255)"
"(183, 139, 112, 255)","(165, 52, 42, 255)"
"(222, 195, 180, 255)","(192, 147, 143, 255)"
"(231, 191, 168, 255)","(226, 131, 134, 255)"
"(238, 214, 215, 255)","(234, 189, 217, 255)"
"(200, 161, 145, 255)","(171, 100, 98, 255)"
"(208, 180, 174, 255)","(203, 147, 161, 255)"
"(243, 189, 176, 255)","(228, 129, 114, 255)"
"(180, 149, 142, 255)","(182, 124, 134, 255)"
"(232, 200, 189, 255)","(211, 140, 143, 255)"
"(238, 197, 189, 255)","(223, 122, 119, 255)"
"(208, 148, 128, 255)","(182, 87, 85, 255)"
"(234, 214, 205, 255)","(229, 186, 191, 255)"
"(176, 127, 98, 255)","(167, 82, 78, 255)"
"(213, 183, 164, 255)","(226, 138, 158, 255)"
"(220, 191, 172, 255)","(227, 182, 171, 255)"
"(210, 172, 170, 255)","(203, 141, 160, 255)"
"(215, 199, 219, 255)","(190, 128, 158, 255)"
"(220, 173, 163, 255)","(213, 131, 147, 255)"
"(213, 183, 164, 255)","(226, 138, 158, 255)"
"(242, 209, 213, 255)","(230, 154, 174, 255)"
"(235, 204, 192, 255)","(226, 153, 157, 255)"
"(234, 192, 178, 255)","(231, 157, 150, 255)"
"(237, 213, 210, 255)","(221, 176, 191, 255)"
"(230, 190, 168, 255)","(230, 160, 172, 255)"
"(238, 207, 197, 255)","(233, 165, 181, 255)"
"(221, 192, 177, 255)","(215, 158, 163, 255)"
"(239, 186, 157, 255)","(238, 128, 118, 255)"
"(196, 170, 160, 255)","(176, 121, 126, 255)"
"(236, 177, 134, 255)","(235, 126, 98, 255)"
"(218, 175, 149, 255)","(189, 103, 96, 255)"
"(206, 175, 168, 255)","(184, 120, 127, 255)"
"(222, 184, 173, 255)","(201, 132, 137, 255)"
"(237, 203, 201, 255)","(239, 177, 207, 255)"
"(225, 166, 108, 255)","(218, 109, 89, 255)"
"(220, 162, 148, 255)","(215, 94, 94, 255)"
"(222, 179, 159, 255)","(212, 123, 127, 255)"
"(228, 184, 177, 255)","(235, 161, 169, 255)"
"(226, 198, 187, 255)","(217, 154, 173, 255)"
"(193, 161, 150, 255)","(183, 106, 115, 255)"
"(222, 181, 161, 255)","(206, 135, 126, 255)"
"(160, 119, 95, 255)","(155, 94, 88, 255)"
"(230, 204, 198, 255)","(225, 143, 180, 255)"
"(209, 178, 155, 255)","(215, 127, 154, 255)"
"(210, 172, 170, 255)","(203, 141, 160, 255)"
"(206, 169, 157, 255)","(193, 129, 137, 255)"
"(235, 191, 167, 255)","(236, 144, 138, 255)"
"(247, 202, 183, 255)","(231, 156, 160, 255)"
"(183, 144, 131, 255)","(162, 97, 97, 255)"
"(215, 180, 157, 255)","(186, 113, 108, 255)"
"(223, 186, 167, 255)","(217, 132, 147, 255)"
"(208, 168, 156, 255)","(235, 166, 195, 255)"
"(237, 215, 217, 255)","(222, 174, 204, 255)"
"(231, 183, 174, 255)","(216, 103, 101, 255)"
"(172, 142, 135, 255)","(148, 88, 100, 255)"
"(214, 179, 185, 255)","(180, 103, 120, 255)"
"(219, 173, 160, 255)","(235, 191, 188, 255)"
"(223, 181, 174, 255)","(220, 143, 157, 255)"
"(220, 189, 193, 255)","(196, 112, 133, 255)"
"(220, 198, 181, 255)","(224, 154, 187, 255)"
"(226, 210, 211, 255)","(212, 134, 155, 255)"
"(222, 175, 151, 255)","(194, 108, 103, 255)"
"(193, 159, 154, 255)","(180, 104, 127, 255)"
"(219, 193, 193, 255)","(218, 139, 162, 255)"
"(208, 171, 160, 255)","(199, 122, 141, 255)"
"(193, 159, 152, 255)","(173, 44, 55, 255)"
"(230, 198, 176, 255)","(232, 175, 188, 255)"
"(132, 100, 92, 255)","(113, 53, 57, 255)"
"(229, 184, 159, 255)","(211, 112, 100, 255)"
"(201, 173, 156, 255)","(186, 125, 137, 255)"
"(221, 170, 151, 255)","(210, 131, 134, 255)"
"(205, 158, 130, 255)","(184, 65, 53, 255)"
"(207, 174, 160, 255)","(194, 126, 133, 255)"
"(215, 151, 136, 255)","(195, 112, 118, 255)"
"(185, 136, 111, 255)","(164, 95, 94, 255)"
"(219, 190, 187, 255)","(205, 164, 172, 255)"
"(197, 140, 115, 255)","(179, 73, 66, 255)"
"(236, 201, 178, 255)","(220, 155, 146, 255)"
"(224, 199, 199, 255)","(229, 151, 177, 255)"
"(202, 166, 145, 255)","(188, 114, 122, 255)"
"(214, 173, 158, 255)","(211, 123, 135, 255)"
"(220, 178, 169, 255)","(200, 123, 128, 255)"
"(219, 190, 195, 255)","(199, 120, 137, 255)"
"(200, 161, 145, 255)","(171, 100, 98, 255)"
"(212, 173, 152, 255)","(202, 121, 125, 255)"
"(207, 174, 149, 255)","(192, 118, 122, 255)"
"(209, 175, 149, 255)","(202, 118, 125, 255)"
"(222, 195, 180, 255)","(192, 147, 143, 255)"
"(208, 179, 176, 255)","(203, 113, 126, 255)"
"(221, 186, 168, 255)","(222, 141, 172, 255)"
"(236, 213, 207, 255)","(226, 183, 185, 255)"
"(227, 150, 109, 255)","(180, 89, 68, 255)"
"(217, 186, 175, 255)","(214, 155, 159, 255)"
"(210, 161, 145, 255)","(193, 106, 124, 255)"
"(230, 211, 213, 255)","(218, 165, 196, 255)"
"(231, 185, 154, 255)","(232, 127, 116, 255)"
"(225, 201, 190, 255)","(217, 147, 158, 255)"
"(165, 115, 96, 255)","(154, 75, 73, 255)"
"(201, 167, 162, 255)","(198, 150, 158, 255)"
"(215, 190, 186, 255)","(199, 123, 139, 255)"
"(222, 197, 185, 255)","(207, 159, 163, 255)"
"(240, 177, 130, 255)","(232, 110, 69, 255)"
